Workbook

Sheet 급여테이블(변경전)
A1: 가상시 민원상담콜센터 직무GROUP 인력운영 기준
A4: Ⅰ. 관리 | S4: [ 담당PM : 홍길동 ]
A6: 요청조직명 | D6: 가상사업본부 가상사업단 가상1팀 | H6: 요청일자 | K6: 46023
A7: 요청사유 | D7: 2026년 최저임금 반영 | H7: 관리번호 | K7: 가상시 민원상담콜센터/2026년1월
A9: Ⅱ. 직무Group
A11: 직군명 | D11: TM직군
A12: 직무Group명 | D12: 가상시 민원상담콜센터 | H12: 직무Group정의 | K12: 고객상담
A14: Ⅲ. 직무 | R14: (단위 : 원, 명)
A15: 구분 | B15: 직무명 | E15: 직무정의 | H15: 직무/직책수당 | I15: 직무규정(소속) | R15: 비평가시 / (등급) | S15: 정원
A16: 조직장 | B16: 센터장 | E16: 센터장 업무 | H16: =Q67 -> 400000 | R16: X | S16: 1
B17: 팀장 | E17: 팀장 업무 | H17: =D67 -> 200000 | R17: X | S17: 1
B18: 교육/QAA | E18: 교육/QAA 업무 | H18: =E67 -> 150000 | R18: X | S18: 1
A19: 조직원 | B19: 상담사 | E19: 상담사 업무 | R19: X | S19: 20
A22: 계 | S22: =SUM(S16:S21) -> 23
A24: Ⅳ. 정원 | R24: (단위 : 명)
A25: 구분 | B25: 직급 | D25: 컨설턴트(일반) | I25: 컨설턴트(전문) | S25: 계
B26: 호봉 | D26: 수습 | E26: 상담1 | F26: 상담2 | G26: 상담3
A27: 정원 | D27: 3 | E27: 8 | F27: 6 | G27: 3 | S27: =SUM(D27:R27) -> 20
A28: 구분 | B28: 직급 | D28: Staff | P28: Leader | S28: 계
B29: 호봉 | D29: 상담팀장 | E29: 교육강사 | R29: 센터장
A30: 정원 | D30: 2 | E30: 1 | R30: 1 | S30: =SUM(D30:R30) -> 4
P31: 총계 | S31: =S27+S30 -> 24
A32: Ⅴ. 보수테이블 | R32: (단위 : 원, 명)
A33: 구분 | D33: 상담 | S33: 비고
D34: 수습 | E34: 상담1 | F34: 상담2 | G34: 상담3
A35: 기본급 | D35: =10320*209 -> 2156880 | E35: =10320*209 -> 2156880 | F35: =10320*209 -> 2156880 | G35: =10320*209 -> 2156880
A36: 직책수당
A37: 직무수당
A38: 근속수당 | F38: 20000 | G38: 40000
A39: 급식비 | D39: 90000 | E39: 90000 | F39: 90000 | G39: 90000
A40: 통근비
A41: 통상임금소계 | D41: =SUM(D35:D40) -> 2246880 | E41: =SUM(E35:E40) -> 2246880 | F41: =SUM(F35:F40) -> 2266880 | G41: =SUM(G35:G40) -> 2286880 | H41: =SUM(H35:H40) -> 0 | I41: =SUM(I35:I40) -> 0 | J41: =SUM(J35:J40) -> 0 | K41: =SUM(K35:K40) -> 0 | ... R41: =SUM(R35:R40) -> 0
A42: 업적수당 | C42: S | D42: 120000 | E42: 120000 | F42: 120000 | G42: 120000 | S42: 평가결과에 따름
C43: A | D43: 90000 | E43: 90000 | F43: 90000 | G43: 90000
C44: B | D44: 60000 | E44: 60000 | F44: 60000 | G44: 60000
C45: C. | D45: 30000 | E45: 30000 | F45: 30000 | G45: 30000
C46: D | D46: 10000 | E46: 10000 | F46: 10000 | G46: 10000
C47: E | D47: 0 | E47: 0 | F47: 0 | G47: 0 | H47: 0 | I47: 0 | J47: 0 | K47: 0 | L47: 0 | M47: 0 | N47: 0 | O47: 0 | P47: 0 | Q47: 0 | R47: 0
A48: 초과근무수당 | E48: =ROUNDUP(E53*2,-1) -> 32260 | F48: =ROUNDUP(F53*2,-1) -> 32540 | G48: =ROUNDUP(G53*2,-1) -> 32830 | S48: 2H
A49: 야간근로수당
A50: 통신비
A51: 월 보수 합계 | D51: =D41+D44+SUM(D48:D50) -> 2306880 | E51: =E41+E44+SUM(E48:E50) -> 2339140 | F51: =F41+F44+SUM(F48:F50) -> 2359420 | G51: =G41+G44+SUM(G48:G50) -> 2379710 | H51: =H41+H44+SUM(H48:H50) -> 0 | I51: =I41+I44+SUM(I48:I50) -> 0 | J51: =J41+J44+SUM(J48:J50) -> 0 | K51: =K41+K44+SUM(K48:K50) -> 0 | ... R51: =R41+R44+SUM(R48:R50) -> 0 | S51: B등급 기준
A52: 연차수당(1D) | D52: =D41/209*8 -> 86004.976 | E52: =E41/209*8 -> 86004.976 | F52: =F41/209*8 -> 86770.526 | G52: =G41/209*8 -> 87536.077 | H52: =H41/209*8 -> 0 | I52: =I41/209*8 -> 0 | J52: =J41/209*8 -> 0 | K52: =K41/209*8 -> 0 | ... R52: =R41/209*8 -> 0
A53: 시간외수당(1H) | D53: =D41/209*1.5 -> 16125.933 | E53: =E41/209*1.5 -> 16125.933 | F53: =F41/209*1.5 -> 16269.474 | G53: =G41/209*1.5 -> 16413.014 | H53: =H41/209*1.5 -> 0 | I53: =I41/209*1.5 -> 0 | J53: =J41/209*1.5 -> 0 | K53: =K41/209*1.5 -> 0 | ... R53: =R41/209*1.5 -> 0
A54: 휴일근로수당(1H) | D54: =D41/209*1.5 -> 16125.933 | E54: =E41/209*1.5 -> 16125.933 | F54: =F41/209*1.5 -> 16269.474 | G54: =G41/209*1.5 -> 16413.014 | H54: =H41/209*1.5 -> 0 | I54: =I41/209*1.5 -> 0 | J54: =J41/209*1.5 -> 0 | K54: =K41/209*1.5 -> 0 | ... R54: =R41/209*1.5 -> 0
A55: 야근수당(1H) | D55: =D41/209*0.5 -> 5375.311 | E55: =E41/209*0.5 -> 5375.311 | F55: =F41/209*0.5 -> 5423.1579 | G55: =G41/209*0.5 -> 5471.0048 | H55: =H41/209*0.5 -> 0 | I55: =I41/209*0.5 -> 0 | J55: =J41/209*0.5 -> 0 | K55: =K41/209*0.5 -> 0 | ... R55: =R41/209*0.5 -> 0
A56: 호칭별 연간 보수 합계 | D56: =D51*12 -> 27682560 | E56: =E51*12 -> 28069680 | F56: =F51*12 -> 28313040 | G56: =G51*12 -> 28556520 | H56: =H51*12 -> 0 | I56: =I51*12 -> 0 | J56: =J51*12 -> 0 | K56: =K51*12 -> 0 | ... R56: =R51*12 -> 0 | S56: B등급 기준
A57: 전체 연간 인건비 합계(정원기준) | D57: =D56*D27 -> 83047680 | E57: =E56*E27 -> 224557440 | F57: =F56*F27 -> 169878240 | G57: =G56*G27 -> 85669560 | H57: =H56*H27 -> 0 | I57: =I56*I27 -> 0 | J57: =J56*J27 -> 0 | K57: =K56*K27 -> 0 | ... R57: =R56*R27 -> 0 | S57: =SUM(D57:R57) -> 563152920
A58: 당해년도 입사자 국민연금 산정 기준 보수월액 | D58: =D41+D46+D48+D49+D50+$C$62-D39 -> 2166880 | E58: =E41+E46+E48+E49+E50+$C$62-E39 -> 2199140 | F58: =F41+F46+F48+F49+F50+$C$62-F39 -> 2219420 | G58: =G41+G46+G48+G49+G50+$C$62-G39 -> 2239710 | H58: =H41+H46+H48+H49+H50+$C$62-H39 -> 0 | I58: =I41+I46+I48+I49+I50+$C$62-I39 -> 0 | J58: =J41+J46+J48+J49+J50+$C$62-J39 -> 0 | K58: =K41+K46+K48+K49+K50+$C$62-K39 -> 0 | ... R58: =R41+R46+R48+R49+R50+$C$62-R39 -> 0 | S58: D등급 기준
A59: 당해년도 입사자 건강/고용/산재보험 산정 기준 보수월액 | D59: =D41+D44+D48+D49+D50+$C$62 -> 2306880 | E59: =E41+E44+E48+E49+E50+$C$62 -> 2339140 | F59: =F41+F44+F48+F49+F50+$C$62 -> 2359420 | G59: =G41+G44+G48+G49+G50+$C$62 -> 2379710 | H59: =H41+H44+H48+H49+H50+$C$62 -> 0 | I59: =I41+I44+I48+I49+I50+$C$62 -> 0 | J59: =J41+J44+J48+J49+J50+$C$62 -> 0 | K59: =K41+K44+K48+K49+K50+$C$62 -> 0 | ... R59: =R41+R44+R48+R49+R50+$C$62 -> 0 | S59: B등급 기준
A61: 변경 전 월보수 GAP | D61: =D51-'급여테이블(변경전)'!D51 -> 0 | E61: =E51-'급여테이블(변경전)'!E51 -> 0 | F61: =F51-'급여테이블(변경전)'!F51 -> 0 | G61: =G51-'급여테이블(변경전)'!G51 -> 0
C62: 0
A63: ㅇ 리딩그룹(스탭이상 ~ 센터장) | R63: (단위 : 원, 명)
A64: 구분 | D64: Staff | P64: Leader | S64: 비고
D65: 팀장 | E65: 강사 | Q65: 센터장
A66: 기본급 | D66: =10320*209 -> 2156880 | E66: =10320*209 -> 2156880 | Q66: =10320*209 -> 2156880
A67: 직책수당 | D67: 200000 | E67: 150000 | Q67: 400000
A68: 직무수당 | D68: 150000 | E68: 100000 | Q68: 300000
A69: 근속수당 | D69: 50000 | E69: 30000 | Q69: 80000
A70: 급식비 | D70: 90000 | E70: 90000 | Q70: 90000
A71: 통근비
A72: 통상임금소계 | D72: =SUM(D66:D71) -> 2646880 | E72: =SUM(E66:E71) -> 2526880 | F72: =SUM(F66:F71) -> 0 | G72: =SUM(G66:G71) -> 0 | H72: =SUM(H66:H71) -> 0 | I72: =SUM(I66:I71) -> 0 | J72: =SUM(J66:J71) -> 0 | K72: =SUM(K66:K71) -> 0 | ... R72: =SUM(R66:R71) -> 0
A73: 업적수당 | C73: S | D73: 200000 | E73: 200000 | Q73: 200000 | S73: 평가결과에 따름
C74: A | D74: 150000 | E74: 150000 | Q74: 150000
C75: B | D75: 100000 | E75: 100000 | Q75: 100000
C76: C. | D76: 50000 | E76: 50000 | Q76: 50000
C77: D | D77: 20000 | E77: 20000 | Q77: 20000
C78: E | D78: 0 | E78: 0 | F78: 0 | G78: 0 | H78: 0 | I78: 0 | J78: 0 | K78: 0 | L78: 0 | M78: 0 | N78: 0 | O78: 0 | P78: 0 | Q78: 0 | R78: 0
A79: 초과근무수당 | D79: =ROUNDUP(D84*5,-1) -> 94990 | E79: =ROUNDUP(E84*5,-1) -> 90680 | Q79: =ROUNDUP(Q84*5,-1) -> 108630 | S79: 팀장, 강사, 센터장 5H
A80: 야간근로수당
A81: 통신비
A82: 월 보수 합계 | D82: =D72+D75+SUM(D79:D81) -> 2841870 | E82: =E72+E75+SUM(E79:E81) -> 2717560 | F82: =F72+F75+SUM(F79:F81) -> 0 | G82: =G72+G75+SUM(G79:G81) -> 0 | H82: =H72+H75+SUM(H79:H81) -> 0 | I82: =I72+I75+SUM(I79:I81) -> 0 | J82: =J72+J75+SUM(J79:J81) -> 0 | K82: =K72+K75+SUM(K79:K81) -> 0 | ... R82: =R72+R75+SUM(R79:R81) -> 0 | S82: B등급 기준
A83: 연차수당(1D) | D83: =D72/209*8 -> 101315.98 | E83: =E72/209*8 -> 96722.679 | F83: =F72/209*8 -> 0 | G83: =G72/209*8 -> 0 | H83: =H72/209*8 -> 0 | I83: =I72/209*8 -> 0 | J83: =J72/209*8 -> 0 | K83: =K72/209*8 -> 0 | ... R83: =R72/209*8 -> 0
A84: 시간외수당(1H) | D84: =D72/209*1.5 -> 18996.746 | E84: =E72/209*1.5 -> 18135.502 | F84: =F72/209*1.5 -> 0 | G84: =G72/209*1.5 -> 0 | H84: =H72/209*1.5 -> 0 | I84: =I72/209*1.5 -> 0 | J84: =J72/209*1.5 -> 0 | K84: =K72/209*1.5 -> 0 | ... R84: =R72/209*1.5 -> 0
A85: 휴일근로수당(1H) | D85: =D72/209*1.5 -> 18996.746 | E85: =E72/209*1.5 -> 18135.502 | F85: =F72/209*1.5 -> 0 | G85: =G72/209*1.5 -> 0 | H85: =H72/209*1.5 -> 0 | I85: =I72/209*1.5 -> 0 | J85: =J72/209*1.5 -> 0 | K85: =K72/209*1.5 -> 0 | ... R85: =R72/209*1.5 -> 0
A86: 야근수당(1H) | D86: =D72/209*0.5 -> 6332.2488 | E86: =E72/209*0.5 -> 6045.1675 | F86: =F72/209*0.5 -> 0 | G86: =G72/209*0.5 -> 0 | H86: =H72/209*0.5 -> 0 | I86: =I72/209*0.5 -> 0 | J86: =J72/209*0.5 -> 0 | K86: =K72/209*0.5 -> 0 | ... R86: =R72/209*0.5 -> 0
A87: 호칭별 연간 보수 합계 | D87: =D82*12 -> 34102440 | E87: =E82*12 -> 32610720 | F87: =F82*12 -> 0 | G87: =G82*12 -> 0 | H87: =H82*12 -> 0 | I87: =I82*12 -> 0 | J87: =J82*12 -> 0 | K87: =K82*12 -> 0 | ... R87: =R82*12 -> 0 | S87: B등급 기준
A88: 전체 연간 인건비 합계(정원기준) | D88: =D87*D30 -> 68204880 | E88: =E87*E30 -> 32610720 | F88: =F87*F30 -> 0 | G88: =G87*G30 -> 0 | H88: =H87*H30 -> 0 | I88: =I87*I30 -> 0 | J88: =J87*J30 -> 0 | K88: =K87*K30 -> 0 | ... R88: =R87*R30 -> 0 | S88: =SUM(D88:R88) -> 100815600
A89: 당해년도 입사자 국민연금 산정 기준 보수월액 | D89: =D72+D77+D79+D80+D81+$C$62-D70 -> 2671870 | E89: =E72+E77+E79+E80+E81+$C$62-E70 -> 2547560 | F89: =F72+F77+F79+F80+F81+$C$62-F70 -> 0 | G89: =G72+G77+G79+G80+G81+$C$62-G70 -> 0 | H89: =H72+H77+H79+H80+H81+$C$62-H70 -> 0 | I89: =I72+I77+I79+I80+I81+$C$62-I70 -> 0 | J89: =J72+J77+J79+J80+J81+$C$62-J70 -> 0 | K89: =K72+K77+K79+K80+K81+$C$62-K70 -> 0 | ... R89: =R72+R77+R79+R80+R81+$C$62-R70 -> 0 | S89: D등급 기준
A90: 당해년도 입사자 건강/고용/산재보험 산정 기준 보수월액 | D90: =D72+D75+D79+D80+D81+$C$62 -> 2841870 | E90: =E72+E75+E79+E80+E81+$C$62 -> 2717560 | F90: =F72+F75+F79+F80+F81+$C$62 -> 0 | G90: =G72+G75+G79+G80+G81+$C$62 -> 0 | H90: =H72+H75+H79+H80+H81+$C$62 -> 0 | I90: =I72+I75+I79+I80+I81+$C$62 -> 0 | J90: =J72+J75+J79+J80+J81+$C$62 -> 0 | K90: =K72+K75+K79+K80+K81+$C$62 -> 0 | ... R90: =R72+R75+R79+R80+R81+$C$62 -> 0 | S90: B등급 기준
A92: 변경 전 월보수 GAP | D92: =D82-'급여테이블(변경전)'!D82 -> 0 | E92: =E82-'급여테이블(변경전)'!E82 -> 0 | Q92: =Q82-'급여테이블(변경전)'!Q82 -> 0
A94: Ⅵ. 예외 및 특례사항
A95: 1. 수습기간은 3개월 적용한다.
A98: 2. 무급사유 발생 시 통상임금 항목은 일할 계산한다.
A99: 3. 업적수당 : 성과평가 결과에 따라 직무별 차등 지급한다.
A100: 4. 복리후생비 지급 기준
A101: ㅇ 급식비
A102: 구분 | B102: 주요내용
A103: 지급기준 | B103: 매 월 마지막 영업일 재직 시 전액 지급
A104: 제외사항 | B104: 실제 출근일 수 5일 이하자는 지급 제외
A113: 5. 인센티브 지급 기준
A117: 6. 호봉별 등급부여 기준
A122: 7. 연차 평균 사용률
A125: 8. 월 근무일수에 따른 업적수당 지급 기준
A128: 9.근무형태
A129: 직무 | B129: 호봉 | C129: 근무일 | E129: 근무시간 | F129: 휴게시간 | G129: 비고
A130: 센터장 | B130: 센터장 | C130: 주 5일(월~금), 40시간(일 8H) | E130: 09:00 ~ 18:00 | F130: 12:00 ~ 13:00
A131: 팀장, 강사 | B131: 팀장, 강사 | C131: 주 5일(월~금), 40시간(일 8H) | E131: 09:00 ~ 18:00 | F131: 12:00 ~ 13:00
A132: 상담사 | B132: 상담사 | C132: 주 5일(월~금), 40시간(일 8H) | E132: 09:00 ~ 18:00 | F132: 12:00 ~ 13:00

Sheet 급여테이블(변경후)
A1: 가상시 민원상담콜센터 직무GROUP 인력운영 기준
A4: Ⅰ. 관리 | S4: [ 담당PM : 홍길동 ]
A6: 요청조직명 | D6: 가상사업본부 가상사업단 가상1팀 | H6: 요청일자 | K6: 46023
A7: 요청사유 | D7: 2026년 최저임금 반영 | H7: 관리번호 | K7: 가상시 민원상담콜센터/2026년1월
A9: Ⅱ. 직무Group
A11: 직군명 | D11: TM직군
A12: 직무Group명 | D12: 가상시 민원상담콜센터 | H12: 직무Group정의 | K12: 고객상담
A14: Ⅲ. 직무 | R14: (단위 : 원, 명)
A15: 구분 | B15: 직무명 | E15: 직무정의 | H15: 직무/직책수당 | I15: 직무규정(소속) | R15: 비평가시 / (등급) | S15: 정원
A16: 조직장 | B16: 센터장 | E16: 센터장 업무 | H16: =Q67 -> 400000 | R16: X | S16: 1
B17: 팀장 | E17: 팀장 업무 | H17: =D67 -> 200000 | R17: X | S17: 1
B18: 교육/QAA | E18: 교육/QAA 업무 | H18: =E67 -> 150000 | R18: X | S18: 1
A19: 조직원 | B19: 상담사 | E19: 상담사 업무 | R19: X | S19: 20
A22: 계 | S22: =SUM(S16:S21) -> 23
A24: Ⅳ. 정원 | R24: (단위 : 명)
A25: 구분 | B25: 직급 | D25: 컨설턴트(일반) | I25: 컨설턴트(전문) | S25: 계
B26: 호봉 | D26: 수습 | E26: 상담1 | F26: 상담2 | G26: 상담3
A27: 정원 | D27: 3 | E27: 8 | F27: 6 | G27: 3 | S27: =SUM(D27:R27) -> 20
A28: 구분 | B28: 직급 | D28: Staff | P28: Leader | S28: 계
B29: 호봉 | D29: 상담팀장 | E29: 교육강사 | R29: 센터장
A30: 정원 | D30: 2 | E30: 1 | R30: 1 | S30: =SUM(D30:R30) -> 4
P31: 총계 | S31: =S27+S30 -> 24
A32: Ⅴ. 보수테이블 | R32: (단위 : 원, 명)
A33: 구분 | D33: 상담 | S33: 비고
D34: 수습 | E34: 상담1 | F34: 상담2 | G34: 상담3
A35: 기본급 | D35: =10320*209 -> 2156880 | E35: =10320*209 -> 2156880 | F35: =10320*209 -> 2156880 | G35: =10320*209 -> 2156880
A36: 직책수당
A37: 직무수당
A38: 근속수당 | F38: 20000 | G38: 40000
A39: 급식비 | D39: 100000 | E39: 100000 | F39: 100000 | G39: 100000
A40: 통근비
A41: 통상임금소계 | D41: =SUM(D35:D40) -> 2256880 | E41: =SUM(E35:E40) -> 2256880 | F41: =SUM(F35:F40) -> 2276880 | G41: =SUM(G35:G40) -> 2296880 | H41: =SUM(H35:H40) -> 0 | I41: =SUM(I35:I40) -> 0 | J41: =SUM(J35:J40) -> 0 | K41: =SUM(K35:K40) -> 0 | ... R41: =SUM(R35:R40) -> 0
A42: 업적수당 | C42: S | D42: 120000 | E42: 120000 | F42: 120000 | G42: 120000 | S42: 평가결과에 따름
C43: A | D43: 90000 | E43: 90000 | F43: 90000 | G43: 90000
C44: B | D44: 60000 | E44: 60000 | F44: 60000 | G44: 60000
C45: C. | D45: 30000 | E45: 30000 | F45: 30000 | G45: 30000
C46: D | D46: 10000 | E46: 10000 | F46: 10000 | G46: 10000
C47: E | D47: 0 | E47: 0 | F47: 0 | G47: 0 | H47: 0 | I47: 0 | J47: 0 | K47: 0 | L47: 0 | M47: 0 | N47: 0 | O47: 0 | P47: 0 | Q47: 0 | R47: 0
A48: 초과근무수당 | E48: =ROUNDUP(E53*2,-1) -> 32400 | F48: =ROUNDUP(F53*2,-1) -> 32690 | G48: =ROUNDUP(G53*2,-1) -> 32970 | S48: 2H
A49: 야간근로수당
A50: 통신비
A51: 월 보수 합계 | D51: =D41+D44+SUM(D48:D50) -> 2316880 | E51: =E41+E44+SUM(E48:E50) -> 2349280 | F51: =F41+F44+SUM(F48:F50) -> 2369570 | G51: =G41+G44+SUM(G48:G50) -> 2389850 | H51: =H41+H44+SUM(H48:H50) -> 0 | I51: =I41+I44+SUM(I48:I50) -> 0 | J51: =J41+J44+SUM(J48:J50) -> 0 | K51: =K41+K44+SUM(K48:K50) -> 0 | ... R51: =R41+R44+SUM(R48:R50) -> 0 | S51: B등급 기준
A52: 연차수당(1D) | D52: =D41/209*8 -> 86387.751 | E52: =E41/209*8 -> 86387.751 | F52: =F41/209*8 -> 87153.301 | G52: =G41/209*8 -> 87918.852 | H52: =H41/209*8 -> 0 | I52: =I41/209*8 -> 0 | J52: =J41/209*8 -> 0 | K52: =K41/209*8 -> 0 | ... R52: =R41/209*8 -> 0
A53: 시간외수당(1H) | D53: =D41/209*1.5 -> 16197.703 | E53: =E41/209*1.5 -> 16197.703 | F53: =F41/209*1.5 -> 16341.244 | G53: =G41/209*1.5 -> 16484.785 | H53: =H41/209*1.5 -> 0 | I53: =I41/209*1.5 -> 0 | J53: =J41/209*1.5 -> 0 | K53: =K41/209*1.5 -> 0 | ... R53: =R41/209*1.5 -> 0
A54: 휴일근로수당(1H) | D54: =D41/209*1.5 -> 16197.703 | E54: =E41/209*1.5 -> 16197.703 | F54: =F41/209*1.5 -> 16341.244 | G54: =G41/209*1.5 -> 16484.785 | H54: =H41/209*1.5 -> 0 | I54: =I41/209*1.5 -> 0 | J54: =J41/209*1.5 -> 0 | K54: =K41/209*1.5 -> 0 | ... R54: =R41/209*1.5 -> 0
A55: 야근수당(1H) | D55: =D41/209*0.5 -> 5399.2344 | E55: =E41/209*0.5 -> 5399.2344 | F55: =F41/209*0.5 -> 5447.0813 | G55: =G41/209*0.5 -> 5494.9282 | H55: =H41/209*0.5 -> 0 | I55: =I41/209*0.5 -> 0 | J55: =J41/209*0.5 -> 0 | K55: =K41/209*0.5 -> 0 | ... R55: =R41/209*0.5 -> 0
A56: 호칭별 연간 보수 합계 | D56: =D51*12 -> 27802560 | E56: =E51*12 -> 28191360 | F56: =F51*12 -> 28434840 | G56: =G51*12 -> 28678200 | H56: =H51*12 -> 0 | I56: =I51*12 -> 0 | J56: =J51*12 -> 0 | K56: =K51*12 -> 0 | ... R56: =R51*12 -> 0 | S56: B등급 기준
A57: 전체 연간 인건비 합계(정원기준) | D57: =D56*D27 -> 83407680 | E57: =E56*E27 -> 225530880 | F57: =F56*F27 -> 170609040 | G57: =G56*G27 -> 86034600 | H57: =H56*H27 -> 0 | I57: =I56*I27 -> 0 | J57: =J56*J27 -> 0 | K57: =K56*K27 -> 0 | ... R57: =R56*R27 -> 0 | S57: =SUM(D57:R57) -> 565582200
A58: 당해년도 입사자 국민연금 산정 기준 보수월액 | D58: =D41+D46+D48+D49+D50+$C$62-D39 -> 2166880 | E58: =E41+E46+E48+E49+E50+$C$62-E39 -> 2199280 | F58: =F41+F46+F48+F49+F50+$C$62-F39 -> 2219570 | G58: =G41+G46+G48+G49+G50+$C$62-G39 -> 2239850 | H58: =H41+H46+H48+H49+H50+$C$62-H39 -> 0 | I58: =I41+I46+I48+I49+I50+$C$62-I39 -> 0 | J58: =J41+J46+J48+J49+J50+$C$62-J39 -> 0 | K58: =K41+K46+K48+K49+K50+$C$62-K39 -> 0 | ... R58: =R41+R46+R48+R49+R50+$C$62-R39 -> 0 | S58: D등급 기준
A59: 당해년도 입사자 건강/고용/산재보험 산정 기준 보수월액 | D59: =D41+D44+D48+D49+D50+$C$62 -> 2316880 | E59: =E41+E44+E48+E49+E50+$C$62 -> 2349280 | F59: =F41+F44+F48+F49+F50+$C$62 -> 2369570 | G59: =G41+G44+G48+G49+G50+$C$62 -> 2389850 | H59: =H41+H44+H48+H49+H50+$C$62 -> 0 | I59: =I41+I44+I48+I49+I50+$C$62 -> 0 | J59: =J41+J44+J48+J49+J50+$C$62 -> 0 | K59: =K41+K44+K48+K49+K50+$C$62 -> 0 | ... R59: =R41+R44+R48+R49+R50+$C$62 -> 0 | S59: B등급 기준
A61: 변경 전 월보수 GAP | D61: =D51-'급여테이블(변경전)'!D51 -> 10000 | E61: =E51-'급여테이블(변경전)'!E51 -> 10140 | F61: =F51-'급여테이블(변경전)'!F51 -> 10150 | G61: =G51-'급여테이블(변경전)'!G51 -> 10140
C62: 0
A63: ㅇ 리딩그룹(스탭이상 ~ 센터장) | R63: (단위 : 원, 명)
A64: 구분 | D64: Staff | P64: Leader | S64: 비고
D65: 팀장 | E65: 강사 | Q65: 센터장
A66: 기본급 | D66: =10320*209 -> 2156880 | E66: =10320*209 -> 2156880 | Q66: =10320*209 -> 2156880
A67: 직책수당 | D67: 200000 | E67: 150000 | Q67: 400000
A68: 직무수당 | D68: 150000 | E68: 100000 | Q68: 300000
A69: 근속수당 | D69: 50000 | E69: 30000 | Q69: 80000
A70: 급식비 | D70: 100000 | E70: 100000 | Q70: 100000
A71: 통근비
A72: 통상임금소계 | D72: =SUM(D66:D71) -> 2656880 | E72: =SUM(E66:E71) -> 2536880 | F72: =SUM(F66:F71) -> 0 | G72: =SUM(G66:G71) -> 0 | H72: =SUM(H66:H71) -> 0 | I72: =SUM(I66:I71) -> 0 | J72: =SUM(J66:J71) -> 0 | K72: =SUM(K66:K71) -> 0 | ... R72: =SUM(R66:R71) -> 0
A73: 업적수당 | C73: S | D73: 200000 | E73: 200000 | Q73: 200000 | S73: 평가결과에 따름
C74: A | D74: 150000 | E74: 150000 | Q74: 150000
C75: B | D75: 100000 | E75: 100000 | Q75: 100000
C76: C. | D76: 50000 | E76: 50000 | Q76: 50000
C77: D | D77: 20000 | E77: 20000 | Q77: 20000
C78: E | D78: 0 | E78: 0 | F78: 0 | G78: 0 | H78: 0 | I78: 0 | J78: 0 | K78: 0 | L78: 0 | M78: 0 | N78: 0 | O78: 0 | P78: 0 | Q78: 0 | R78: 0
A79: 초과근무수당 | D79: =ROUNDUP(D84*5,-1) -> 95350 | E79: =ROUNDUP(E84*5,-1) -> 91040 | Q79: =ROUNDUP(Q84*5,-1) -> 108980 | S79: 팀장, 강사, 센터장 5H
A80: 야간근로수당
A81: 통신비
A82: 월 보수 합계 | D82: =D72+D75+SUM(D79:D81) -> 2852230 | E82: =E72+E75+SUM(E79:E81) -> 2727920 | F82: =F72+F75+SUM(F79:F81) -> 0 | G82: =G72+G75+SUM(G79:G81) -> 0 | H82: =H72+H75+SUM(H79:H81) -> 0 | I82: =I72+I75+SUM(I79:I81) -> 0 | J82: =J72+J75+SUM(J79:J81) -> 0 | K82: =K72+K75+SUM(K79:K81) -> 0 | ... R82: =R72+R75+SUM(R79:R81) -> 0 | S82: B등급 기준
A83: 연차수당(1D) | D83: =D72/209*8 -> 101698.76 | E83: =E72/209*8 -> 97105.455 | F83: =F72/209*8 -> 0 | G83: =G72/209*8 -> 0 | H83: =H72/209*8 -> 0 | I83: =I72/209*8 -> 0 | J83: =J72/209*8 -> 0 | K83: =K72/209*8 -> 0 | ... R83: =R72/209*8 -> 0
A84: 시간외수당(1H) | D84: =D72/209*1.5 -> 19068.517 | E84: =E72/209*1.5 -> 18207.273 | F84: =F72/209*1.5 -> 0 | G84: =G72/209*1.5 -> 0 | H84: =H72/209*1.5 -> 0 | I84: =I72/209*1.5 -> 0 | J84: =J72/209*1.5 -> 0 | K84: =K72/209*1.5 -> 0 | ... R84: =R72/209*1.5 -> 0
A85: 휴일근로수당(1H) | D85: =D72/209*1.5 -> 19068.517 | E85: =E72/209*1.5 -> 18207.273 | F85: =F72/209*1.5 -> 0 | G85: =G72/209*1.5 -> 0 | H85: =H72/209*1.5 -> 0 | I85: =I72/209*1.5 -> 0 | J85: =J72/209*1.5 -> 0 | K85: =K72/209*1.5 -> 0 | ... R85: =R72/209*1.5 -> 0
A86: 야근수당(1H) | D86: =D72/209*0.5 -> 6356.1722 | E86: =E72/209*0.5 -> 6069.0909 | F86: =F72/209*0.5 -> 0 | G86: =G72/209*0.5 -> 0 | H86: =H72/209*0.5 -> 0 | I86: =I72/209*0.5 -> 0 | J86: =J72/209*0.5 -> 0 | K86: =K72/209*0.5 -> 0 | ... R86: =R72/209*0.5 -> 0
A87: 호칭별 연간 보수 합계 | D87: =D82*12 -> 34226760 | E87: =E82*12 -> 32735040 | F87: =F82*12 -> 0 | G87: =G82*12 -> 0 | H87: =H82*12 -> 0 | I87: =I82*12 -> 0 | J87: =J82*12 -> 0 | K87: =K82*12 -> 0 | ... R87: =R82*12 -> 0 | S87: B등급 기준
A88: 전체 연간 인건비 합계(정원기준) | D88: =D87*D30 -> 68453520 | E88: =E87*E30 -> 32735040 | F88: =F87*F30 -> 0 | G88: =G87*G30 -> 0 | H88: =H87*H30 -> 0 | I88: =I87*I30 -> 0 | J88: =J87*J30 -> 0 | K88: =K87*K30 -> 0 | ... R88: =R87*R30 -> 0 | S88: =SUM(D88:R88) -> 101188560
A89: 당해년도 입사자 국민연금 산정 기준 보수월액 | D89: =D72+D77+D79+D80+D81+$C$62-D70 -> 2672230 | E89: =E72+E77+E79+E80+E81+$C$62-E70 -> 2547920 | F89: =F72+F77+F79+F80+F81+$C$62-F70 -> 0 | G89: =G72+G77+G79+G80+G81+$C$62-G70 -> 0 | H89: =H72+H77+H79+H80+H81+$C$62-H70 -> 0 | I89: =I72+I77+I79+I80+I81+$C$62-I70 -> 0 | J89: =J72+J77+J79+J80+J81+$C$62-J70 -> 0 | K89: =K72+K77+K79+K80+K81+$C$62-K70 -> 0 | ... R89: =R72+R77+R79+R80+R81+$C$62-R70 -> 0 | S89: D등급 기준
A90: 당해년도 입사자 건강/고용/산재보험 산정 기준 보수월액 | D90: =D72+D75+D79+D80+D81+$C$62 -> 2852230 | E90: =E72+E75+E79+E80+E81+$C$62 -> 2727920 | F90: =F72+F75+F79+F80+F81+$C$62 -> 0 | G90: =G72+G75+G79+G80+G81+$C$62 -> 0 | H90: =H72+H75+H79+H80+H81+$C$62 -> 0 | I90: =I72+I75+I79+I80+I81+$C$62 -> 0 | J90: =J72+J75+J79+J80+J81+$C$62 -> 0 | K90: =K72+K75+K79+K80+K81+$C$62 -> 0 | ... R90: =R72+R75+R79+R80+R81+$C$62 -> 0 | S90: B등급 기준
A92: 변경 전 월보수 GAP | D92: =D82-'급여테이블(변경전)'!D82 -> 10360 | E92: =E82-'급여테이블(변경전)'!E82 -> 10360 | Q92: =Q82-'급여테이블(변경전)'!Q82 -> 10350
A94: Ⅵ. 예외 및 특례사항
A95: 1. 수습기간은 3개월 적용한다.
A98: 2. 무급사유 발생 시 통상임금 항목은 일할 계산한다.
A99: 3. 업적수당 : 성과평가 결과에 따라 직무별 차등 지급한다.
A100: 4. 복리후생비 지급 기준
A101: ㅇ 급식비
A102: 구분 | B102: 주요내용
A103: 지급기준 | B103: 매 월 마지막 영업일 재직 시 전액 지급
A104: 제외사항 | B104: 실제 출근일 수 5일 이하자는 지급 제외
A113: 5. 인센티브 지급 기준
A117: 6. 호봉별 등급부여 기준
A122: 7. 연차 평균 사용률
A125: 8. 월 근무일수에 따른 업적수당 지급 기준
A128: 9.근무형태
A129: 직무 | B129: 호봉 | C129: 근무일 | E129: 근무시간 | F129: 휴게시간 | G129: 비고
A130: 센터장 | B130: 센터장 | C130: 주 5일(월~금), 40시간(일 8H) | E130: 09:00 ~ 18:00 | F130: 12:00 ~ 13:00
A131: 팀장, 강사 | B131: 팀장, 강사 | C131: 주 5일(월~금), 40시간(일 8H) | E131: 09:00 ~ 18:00 | F131: 12:00 ~ 13:00
A132: 상담사 | B132: 상담사 | C132: 주 5일(월~금), 40시간(일 8H) | E132: 09:00 ~ 18:00 | F132: 12:00 ~ 13:00
